{"cameraMode":{"drawMode":0,"name":"Shaded","section":"Shading Mode"},"sceneLighting":true,"audioPlay":false,"sceneViewState":{"m_AlwaysRefresh":false,"showFog":false,"showSkybox":true,"showFlares":true,"showImageEffects":false,"showParticleSystems":true,"showVisualEffectGraphs":true,"m_FxEnabled":false},"in2DMode":false,"pivot":{"x":-15.744342803955079,"y":22.669097900390626,"z":-16.838964462280275},"rotation":{"x":-0.16496983170509339,"y":-0.32714584469795229,"z":0.05811646208167076,"w":-0.9286590814590454},"size":2.188322067260742,"orthographic":false}