{"cameraMode":{"drawMode":0,"name":"Shaded","section":"Shading Mode"},"sceneLighting":false,"audioPlay":false,"sceneViewState":{"m_AlwaysRefresh":false,"showFog":false,"showSkybox":false,"showFlares":true,"showImageEffects":false,"showParticleSystems":true,"showVisualEffectGraphs":true,"m_FxEnabled":false},"in2DMode":false,"pivot":{"x":-0.09826850891113281,"y":-0.9897861480712891,"z":-2.337275505065918},"rotation":{"x":0.0008305574301630259,"y":0.9938212037086487,"z":0.11075983196496964,"w":-0.007452922873198986},"size":19.460647583007814,"orthographic":false}