{"cameraMode":{"drawMode":0,"name":"Shaded","section":"Shading Mode"},"sceneLighting":true,"audioPlay":false,"sceneViewState":{"m_AlwaysRefresh":false,"showFog":false,"showSkybox":true,"showFlares":true,"showImageEffects":false,"showParticleSystems":true,"showVisualEffectGraphs":true,"m_FxEnabled":false},"in2DMode":false,"pivot":{"x":0.08089830726385117,"y":2.9736790657043459,"z":-1.3506652116775513},"rotation":{"x":0.1975010186433792,"y":-0.061129819601774219,"z":0.012341671623289585,"w":0.9783225059509277},"size":0.9721111059188843,"orthographic":false}